Resume_ID,Name,Skills,Experience (Years),Education,Certifications,Job Role,Recruiter Decision,Salary Expectation ($),Projects Count,AI Score (0-100),skills_normalized,skills_count,experience_level,experience_years,experience_level_numeric,job_role_normalized,job_category,education_normalized,education_level,decision_binary,skill_c++,skill_cybersecurity,skill_deep learning,skill_ethical hacking,skill_java,skill_linux,skill_machine learning,skill_natural language processing,skill_networking,skill_python,skill_pytorch,skill_react.js,skill_sql,skill_tensorflow
3,Corey Sanchez,"Ethical Hacking, Cybersecurity, Linux",1,MBA,Deep Learning Specialization,Cybersecurity Analyst,Hire,71766,7,70,"['ethical hacking', 'cybersecurity', 'linux']",3,fresher,1,0,cybersecurity analyst,cybersecurity,MBA,3,1,0,1,0,1,0,1,0,0,0,0,0,0,0,0
6,Samantha Santos,"Cybersecurity, Networking, Linux, Ethical Hacking",10,B.Tech,Google ML,Cybersecurity Analyst,Hire,47957,5,100,"['linux', 'networking', 'ethical hacking', 'cybersecurity']",4,fresher,10,0,cybersecurity analyst,cybersecurity,B.TECH,2,1,0,1,0,1,0,1,0,0,1,0,0,0,0,0
7,Tony Smith,"Networking, Cybersecurity, Ethical Hacking",4,M.Tech,AWS Certified,Cybersecurity Analyst,Hire,66208,9,100,"['ethical hacking', 'networking', 'cybersecurity']",3,mid-level,4,2,cybersecurity analyst,cybersecurity,M.TECH,3,1,0,1,0,1,0,0,0,0,1,0,0,0,0,0
9,Nancy Jenkins,"Networking, Ethical Hacking",7,MBA,Deep Learning Specialization,Cybersecurity Analyst,Hire,92270,3,100,"['ethical hacking', 'networking']",2,senior,7,3,cybersecurity analyst,cybersecurity,MBA,3,1,0,0,0,1,0,0,0,0,1,0,0,0,0,0
12,Ralph Barrera,"Cybersecurity, Ethical Hacking, Networking",0,MBA,Google ML,Cybersecurity Analyst,Reject,62708,5,50,"['ethical hacking', 'networking', 'cybersecurity']",3,fresher,0,0,cybersecurity analyst,cybersecurity,MBA,3,0,0,1,0,1,0,0,0,0,1,0,0,0,0,0
13,David Diaz,"Cybersecurity, Networking",0,M.Tech,Deep Learning Specialization,Cybersecurity Analyst,Hire,42077,9,65,"['networking', 'cybersecurity']",2,fresher,0,0,cybersecurity analyst,cybersecurity,M.TECH,3,1,0,1,0,0,0,0,0,0,1,0,0,0,0,0
16,Courtney Cook,"Cybersecurity, Networking",1,PhD,Google ML,Cybersecurity Analyst,Reject,51388,6,60,"['networking', 'cybersecurity']",2,fresher,1,0,cybersecurity analyst,cybersecurity,PHD,4,0,0,1,0,0,0,0,0,0,1,0,0,0,0,0
18,Frances Davis MD,"Linux, Networking, Cybersecurity, Ethical Hacking",3,B.Tech,,Cybersecurity Analyst,Hire,66379,6,80,"['linux', 'networking', 'ethical hacking', 'cybersecurity']",4,mid-level,3,2,cybersecurity analyst,cybersecurity,B.TECH,2,1,0,1,0,1,0,1,0,0,1,0,0,0,0,0
27,Christopher Ayers,"Ethical Hacking, Cybersecurity",3,B.Sc,Deep Learning Specialization,Cybersecurity Analyst,Reject,76203,2,60,"['ethical hacking', 'cybersecurity']",2,mid-level,3,2,cybersecurity analyst,cybersecurity,B.SC,2,0,0,1,0,1,0,0,0,0,0,0,0,0,0,0
32,Logan Mcclure,"Ethical Hacking, Networking, Linux",1,B.Sc,,Cybersecurity Analyst,Hire,58606,10,75,"['ethical hacking', 'networking', 'linux']",3,fresher,1,0,cybersecurity analyst,cybersecurity,B.SC,2,1,0,0,0,1,0,1,0,0,1,0,0,0,0,0
35,Sandra Juarez,"Networking, Linux, Ethical Hacking",0,M.Tech,Deep Learning Specialization,Cybersecurity Analyst,Hire,47001,10,75,"['linux', 'networking', 'ethical hacking']",3,fresher,0,0,cybersecurity analyst,cybersecurity,M.TECH,3,1,0,0,0,1,0,1,0,0,1,0,0,0,0,0
39,Denise Harper,"Linux, Cybersecurity",7,PhD,,Cybersecurity Analyst,Hire,106469,0,80,"['linux', 'cybersecurity']",2,senior,7,3,cybersecurity analyst,cybersecurity,PHD,4,1,0,1,0,0,0,1,0,0,0,0,0,0,0,0
42,Frances Salazar,"Networking, Linux",1,M.Tech,AWS Certified,Cybersecurity Analyst,Hire,51200,10,80,"['linux', 'networking']",2,fresher,1,0,cybersecurity analyst,cybersecurity,M.TECH,3,1,0,0,0,0,0,1,0,0,1,0,0,0,0,0
52,Dalton Smith,"Ethical Hacking, Cybersecurity, Linux",9,M.Tech,,Cybersecurity Analyst,Hire,55058,3,100,"['ethical hacking', 'cybersecurity', 'linux']",3,senior,9,3,cybersecurity analyst,cybersecurity,M.TECH,3,1,0,1,0,1,0,1,0,0,0,0,0,0,0,0
56,Danielle Drake,"Cybersecurity, Networking, Ethical Hacking",1,B.Sc,Google ML,Cybersecurity Analyst,Reject,56827,4,55,"['ethical hacking', 'networking', 'cybersecurity']",3,fresher,1,0,cybersecurity analyst,cybersecurity,B.SC,2,0,0,1,0,1,0,0,0,0,1,0,0,0,0,0
58,April Flores,"Networking, Cybersecurity, Ethical Hacking, Linux",1,B.Sc,AWS Certified,Cybersecurity Analyst,Reject,86274,3,55,"['ethical hacking', 'networking', 'cybersecurity', 'linux']",4,fresher,1,0,cybersecurity analyst,cybersecurity,B.SC,2,0,0,1,0,1,0,1,0,0,1,0,0,0,0,0
69,Christopher Reed,"Linux, Networking, Ethical Hacking, Cybersecurity",9,M.Tech,Google ML,Cybersecurity Analyst,Hire,81596,3,100,"['linux', 'networking', 'ethical hacking', 'cybersecurity']",4,senior,9,3,cybersecurity analyst,cybersecurity,M.TECH,3,1,0,1,0,1,0,1,0,0,1,0,0,0,0,0
72,Curtis Townsend,"Ethical Hacking, Networking, Linux",0,MBA,Google ML,Cybersecurity Analyst,Reject,60440,7,60,"['ethical hacking', 'networking', 'linux']",3,fresher,0,0,cybersecurity analyst,cybersecurity,MBA,3,0,0,0,0,1,0,1,0,0,1,0,0,0,0,0
78,Michael Vasquez,"Cybersecurity, Ethical Hacking, Linux, Networking",7,PhD,,Cybersecurity Analyst,Hire,62406,1,95,"['ethical hacking', 'networking', 'cybersecurity', 'linux']",4,senior,7,3,cybersecurity analyst,cybersecurity,PHD,4,1,0,1,0,1,0,1,0,0,1,0,0,0,0,0
90,Christina Johnson,"Linux, Ethical Hacking, Cybersecurity, Networking",10,M.Tech,,Cybersecurity Analyst,Hire,60343,8,100,"['linux', 'networking', 'ethical hacking', 'cybersecurity']",4,fresher,10,0,cybersecurity analyst,cybersecurity,M.TECH,3,1,0,1,0,1,0,1,0,0,1,0,0,0,0,0
101,Sheryl Freeman,"Linux, Cybersecurity",1,M.Tech,Google ML,Cybersecurity Analyst,Reject,85755,3,45,"['linux', 'cybersecurity']",2,fresher,1,0,cybersecurity analyst,cybersecurity,M.TECH,3,0,0,1,0,0,0,1,0,0,0,0,0,0,0,0
102,Elaine Ryan,"Ethical Hacking, Cybersecurity",8,B.Tech,Deep Learning Specialization,Cybersecurity Analyst,Hire,58775,3,100,"['ethical hacking', 'cybersecurity']",2,senior,8,3,cybersecurity analyst,cybersecurity,B.TECH,2,1,0,1,0,1,0,0,0,0,0,0,0,0,0,0
103,Jonathan Hernandez,"Ethical Hacking, Networking",2,MBA,Deep Learning Specialization,Cybersecurity Analyst,Reject,49346,3,55,"['ethical hacking', 'networking']",2,junior,2,1,cybersecurity analyst,cybersecurity,MBA,3,0,0,0,0,1,0,0,0,0,1,0,0,0,0,0
104,Emily Williamson,"Ethical Hacking, Networking, Linux",8,PhD,,Cybersecurity Analyst,Hire,97521,7,100,"['ethical hacking', 'networking', 'linux']",3,senior,8,3,cybersecurity analyst,cybersecurity,PHD,4,1,0,0,0,1,0,1,0,0,1,0,0,0,0,0
110,Nicole Hunt,"Ethical Hacking, Linux, Networking, Cybersecurity",7,MBA,,Cybersecurity Analyst,Hire,107237,3,100,"['ethical hacking', 'networking', 'linux', 'cybersecurity']",4,senior,7,3,cybersecurity analyst,cybersecurity,MBA,3,1,0,1,0,1,0,1,0,0,1,0,0,0,0,0
117,Mr. David Boyle,"Networking, Cybersecurity, Linux, Ethical Hacking",10,B.Tech,,Cybersecurity Analyst,Hire,101100,10,100,"['linux', 'networking', 'ethical hacking', 'cybersecurity']",4,fresher,10,0,cybersecurity analyst,cybersecurity,B.TECH,2,1,0,1,0,1,0,1,0,0,1,0,0,0,0,0
123,Stephen Mcdonald,"Linux, Networking, Cybersecurity, Ethical Hacking",7,PhD,,Cybersecurity Analyst,Hire,91604,3,100,"['linux', 'networking', 'ethical hacking', 'cybersecurity']",4,senior,7,3,cybersecurity analyst,cybersecurity,PHD,4,1,0,1,0,1,0,1,0,0,1,0,0,0,0,0
129,Michael Ingram,"Linux, Networking, Ethical Hacking, Cybersecurity",8,B.Sc,AWS Certified,Cybersecurity Analyst,Hire,111242,5,100,"['linux', 'networking', 'ethical hacking', 'cybersecurity']",4,senior,8,3,cybersecurity analyst,cybersecurity,B.SC,2,1,0,1,0,1,0,1,0,0,1,0,0,0,0,0
133,Eric Gregory,"Ethical Hacking, Networking, Linux, Cybersecurity",8,B.Sc,Deep Learning Specialization,Cybersecurity Analyst,Hire,114147,4,100,"['ethical hacking', 'networking', 'linux', 'cybersecurity']",4,senior,8,3,cybersecurity analyst,cybersecurity,B.SC,2,1,0,1,0,1,0,1,0,0,1,0,0,0,0,0
136,Elizabeth Williamson,"Networking, Cybersecurity",7,B.Sc,,Cybersecurity Analyst,Hire,42894,0,80,"['networking', 'cybersecurity']",2,senior,7,3,cybersecurity analyst,cybersecurity,B.SC,2,1,0,1,0,0,0,0,0,0,1,0,0,0,0,0
137,Mason Jones,"Linux, Cybersecurity, Ethical Hacking",4,M.Tech,,Cybersecurity Analyst,Hire,114988,5,80,"['linux', 'ethical hacking', 'cybersecurity']",3,mid-level,4,2,cybersecurity analyst,cybersecurity,M.TECH,3,1,0,1,0,1,0,1,0,0,0,0,0,0,0,0
140,Jamie Robertson,"Ethical Hacking, Cybersecurity, Networking, Linux",3,MBA,Google ML,Cybersecurity Analyst,Hire,93303,1,65,"['ethical hacking', 'networking', 'cybersecurity', 'linux']",4,mid-level,3,2,cybersecurity analyst,cybersecurity,MBA,3,1,0,1,0,1,0,1,0,0,1,0,0,0,0,0
142,Ashley Peters,"Cybersecurity, Ethical Hacking, Linux",9,B.Tech,Deep Learning Specialization,Cybersecurity Analyst,Hire,59885,2,100,"['ethical hacking', 'cybersecurity', 'linux']",3,senior,9,3,cybersecurity analyst,cybersecurity,B.TECH,2,1,0,1,0,1,0,1,0,0,0,0,0,0,0,0
144,David Krause,"Networking, Linux, Cybersecurity, Ethical Hacking",10,MBA,Deep Learning Specialization,Cybersecurity Analyst,Hire,83474,0,100,"['linux', 'networking', 'ethical hacking', 'cybersecurity']",4,fresher,10,0,cybersecurity analyst,cybersecurity,MBA,3,1,0,1,0,1,0,1,0,0,1,0,0,0,0,0
151,Karen Peters,"Ethical Hacking, Networking, Linux",3,B.Tech,Google ML,Cybersecurity Analyst,Hire,118508,7,90,"['ethical hacking', 'networking', 'linux']",3,mid-level,3,2,cybersecurity analyst,cybersecurity,B.TECH,2,1,0,0,0,1,0,1,0,0,1,0,0,0,0,0
155,Brandon Ruiz,"Ethical Hacking, Linux, Cybersecurity",5,MBA,Deep Learning Specialization,Cybersecurity Analyst,Hire,53855,8,100,"['ethical hacking', 'linux', 'cybersecurity']",3,mid-level,5,2,cybersecurity analyst,cybersecurity,MBA,3,1,0,1,0,1,0,1,0,0,0,0,0,0,0,0
156,Anthony Neal,"Cybersecurity, Ethical Hacking, Networking, Linux",6,M.Tech,,Cybersecurity Analyst,Hire,98876,2,90,"['ethical hacking', 'networking', 'cybersecurity', 'linux']",4,senior,6,3,cybersecurity analyst,cybersecurity,M.TECH,3,1,0,1,0,1,0,1,0,0,1,0,0,0,0,0
157,Paul Wallace,"Linux, Ethical Hacking, Networking, Cybersecurity",6,B.Sc,AWS Certified,Cybersecurity Analyst,Hire,59082,5,100,"['linux', 'networking', 'ethical hacking', 'cybersecurity']",4,senior,6,3,cybersecurity analyst,cybersecurity,B.SC,2,1,0,1,0,1,0,1,0,0,1,0,0,0,0,0
159,Christopher White,"Ethical Hacking, Linux",6,B.Sc,AWS Certified,Cybersecurity Analyst,Hire,113676,9,100,"['ethical hacking', 'linux']",2,senior,6,3,cybersecurity analyst,cybersecurity,B.SC,2,1,0,0,0,1,0,1,0,0,0,0,0,0,0,0
160,Margaret Holmes,"Cybersecurity, Linux",2,MBA,Deep Learning Specialization,Cybersecurity Analyst,Reject,118103,1,45,"['linux', 'cybersecurity']",2,junior,2,1,cybersecurity analyst,cybersecurity,MBA,3,0,0,1,0,0,0,1,0,0,0,0,0,0,0,0
163,Katie Wall,"Linux, Cybersecurity",5,M.Tech,,Cybersecurity Analyst,Hire,115234,10,100,"['linux', 'cybersecurity']",2,mid-level,5,2,cybersecurity analyst,cybersecurity,M.TECH,3,1,0,1,0,0,0,1,0,0,0,0,0,0,0,0
165,Rhonda Green,"Networking, Cybersecurity, Linux, Ethical Hacking",7,M.Tech,Google ML,Cybersecurity Analyst,Hire,117704,10,100,"['linux', 'networking', 'ethical hacking', 'cybersecurity']",4,senior,7,3,cybersecurity analyst,cybersecurity,M.TECH,3,1,0,1,0,1,0,1,0,0,1,0,0,0,0,0
168,Katherine Cabrera,"Networking, Cybersecurity, Ethical Hacking",2,B.Sc,Google ML,Cybersecurity Analyst,Hire,63016,7,80,"['ethical hacking', 'networking', 'cybersecurity']",3,junior,2,1,cybersecurity analyst,cybersecurity,B.SC,2,1,0,1,0,1,0,0,0,0,1,0,0,0,0,0
171,Scott Gray,"Networking, Ethical Hacking, Cybersecurity",8,MBA,,Cybersecurity Analyst,Hire,44474,1,100,"['ethical hacking', 'networking', 'cybersecurity']",3,senior,8,3,cybersecurity analyst,cybersecurity,MBA,3,1,0,1,0,1,0,0,0,0,1,0,0,0,0,0
180,Erin Maynard,"Networking, Cybersecurity, Ethical Hacking",8,MBA,,Cybersecurity Analyst,Hire,65748,4,100,"['ethical hacking', 'networking', 'cybersecurity']",3,senior,8,3,cybersecurity analyst,cybersecurity,MBA,3,1,0,1,0,1,0,0,0,0,1,0,0,0,0,0
191,Rachel Bridges,"Linux, Cybersecurity, Ethical Hacking",8,B.Sc,Deep Learning Specialization,Cybersecurity Analyst,Hire,59707,8,100,"['linux', 'ethical hacking', 'cybersecurity']",3,senior,8,3,cybersecurity analyst,cybersecurity,B.SC,2,1,0,1,0,1,0,1,0,0,0,0,0,0,0,0
192,Lori Porter,"Linux, Ethical Hacking",1,PhD,AWS Certified,Cybersecurity Analyst,Reject,60465,3,45,"['linux', 'ethical hacking']",2,fresher,1,0,cybersecurity analyst,cybersecurity,PHD,4,0,0,0,0,1,0,1,0,0,0,0,0,0,0,0
199,Zachary Harris,"Ethical Hacking, Cybersecurity, Linux",3,M.Tech,Deep Learning Specialization,Cybersecurity Analyst,Reject,113725,0,55,"['ethical hacking', 'cybersecurity', 'linux']",3,mid-level,3,2,cybersecurity analyst,cybersecurity,M.TECH,3,0,0,1,0,1,0,1,0,0,0,0,0,0,0,0
201,Ashley Elliott,"Cybersecurity, Ethical Hacking, Linux, Networking",8,MBA,Google ML,Cybersecurity Analyst,Hire,102247,8,100,"['ethical hacking', 'networking', 'cybersecurity', 'linux']",4,senior,8,3,cybersecurity analyst,cybersecurity,MBA,3,1,0,1,0,1,0,1,0,0,1,0,0,0,0,0
203,Danny Torres,"Ethical Hacking, Cybersecurity, Networking",8,B.Tech,,Cybersecurity Analyst,Hire,66329,0,95,"['ethical hacking', 'networking', 'cybersecurity']",3,senior,8,3,cybersecurity analyst,cybersecurity,B.TECH,2,1,0,1,0,1,0,0,0,0,1,0,0,0,0,0
207,Jenny Weaver,"Ethical Hacking, Linux, Cybersecurity, Networking",7,MBA,,Cybersecurity Analyst,Hire,116460,10,100,"['ethical hacking', 'networking', 'linux', 'cybersecurity']",4,senior,7,3,cybersecurity analyst,cybersecurity,MBA,3,1,0,1,0,1,0,1,0,0,1,0,0,0,0,0
209,Derrick Mendoza,"Cybersecurity, Ethical Hacking, Networking, Linux",1,M.Tech,Deep Learning Specialization,Cybersecurity Analyst,Hire,102390,6,70,"['ethical hacking', 'networking', 'cybersecurity', 'linux']",4,fresher,1,0,cybersecurity analyst,cybersecurity,M.TECH,3,1,0,1,0,1,0,1,0,0,1,0,0,0,0,0
212,Denise Davenport,"Networking, Linux, Ethical Hacking",7,B.Tech,Google ML,Cybersecurity Analyst,Hire,96689,3,100,"['linux', 'networking', 'ethical hacking']",3,senior,7,3,cybersecurity analyst,cybersecurity,B.TECH,2,1,0,0,0,1,0,1,0,0,1,0,0,0,0,0
216,Gloria Miller,"Linux, Ethical Hacking, Cybersecurity, Networking",8,M.Tech,AWS Certified,Cybersecurity Analyst,Hire,45438,3,100,"['linux', 'networking', 'ethical hacking', 'cybersecurity']",4,senior,8,3,cybersecurity analyst,cybersecurity,M.TECH,3,1,0,1,0,1,0,1,0,0,1,0,0,0,0,0
219,John James,"Linux, Networking, Cybersecurity, Ethical Hacking",1,B.Sc,,Cybersecurity Analyst,Hire,40222,10,80,"['linux', 'networking', 'ethical hacking', 'cybersecurity']",4,fresher,1,0,cybersecurity analyst,cybersecurity,B.SC,2,1,0,1,0,1,0,1,0,0,1,0,0,0,0,0
221,Keith Ward,"Cybersecurity, Linux",9,PhD,,Cybersecurity Analyst,Hire,77138,0,100,"['linux', 'cybersecurity']",2,senior,9,3,cybersecurity analyst,cybersecurity,PHD,4,1,0,1,0,0,0,1,0,0,0,0,0,0,0,0
225,John Weiss,"Linux, Ethical Hacking, Cybersecurity",4,PhD,AWS Certified,Cybersecurity Analyst,Hire,96836,1,70,"['linux', 'ethical hacking', 'cybersecurity']",3,mid-level,4,2,cybersecurity analyst,cybersecurity,PHD,4,1,0,1,0,1,0,1,0,0,0,0,0,0,0,0
226,Sean Livingston,"Cybersecurity, Networking",1,B.Tech,Google ML,Cybersecurity Analyst,Reject,94563,6,60,"['networking', 'cybersecurity']",2,fresher,1,0,cybersecurity analyst,cybersecurity,B.TECH,2,0,0,1,0,0,0,0,0,0,1,0,0,0,0,0
228,Sarah Christensen,"Linux, Networking, Ethical Hacking",7,B.Sc,,Cybersecurity Analyst,Hire,79874,6,100,"['linux', 'networking', 'ethical hacking']",3,senior,7,3,cybersecurity analyst,cybersecurity,B.SC,2,1,0,0,0,1,0,1,0,0,1,0,0,0,0,0
230,Christopher Dominguez,"Cybersecurity, Networking, Ethical Hacking",2,M.Tech,AWS Certified,Cybersecurity Analyst,Hire,102929,10,95,"['ethical hacking', 'networking', 'cybersecurity']",3,junior,2,1,cybersecurity analyst,cybersecurity,M.TECH,3,1,0,1,0,1,0,0,0,0,1,0,0,0,0,0
235,Robert Guerrero,"Cybersecurity, Linux, Networking",0,MBA,Deep Learning Specialization,Cybersecurity Analyst,Reject,49774,7,60,"['linux', 'networking', 'cybersecurity']",3,fresher,0,0,cybersecurity analyst,cybersecurity,MBA,3,0,0,1,0,0,0,1,0,0,1,0,0,0,0,0
237,Nancy Brown,"Ethical Hacking, Linux, Cybersecurity, Networking",1,B.Tech,Deep Learning Specialization,Cybersecurity Analyst,Hire,80647,8,80,"['ethical hacking', 'networking', 'linux', 'cybersecurity']",4,fresher,1,0,cybersecurity analyst,cybersecurity,B.TECH,2,1,0,1,0,1,0,1,0,0,1,0,0,0,0,0
241,Barbara Bernard,"Linux, Ethical Hacking",10,MBA,Deep Learning Specialization,Cybersecurity Analyst,Hire,50784,0,100,"['linux', 'ethical hacking']",2,fresher,10,0,cybersecurity analyst,cybersecurity,MBA,3,1,0,0,0,1,0,1,0,0,0,0,0,0,0,0
244,Rodney Diaz,"Linux, Networking",0,B.Tech,AWS Certified,Cybersecurity Analyst,Reject,64620,6,50,"['linux', 'networking']",2,fresher,0,0,cybersecurity analyst,cybersecurity,B.TECH,2,0,0,0,0,0,0,1,0,0,1,0,0,0,0,0
247,Daniel Alvarado,"Cybersecurity, Ethical Hacking, Linux",7,MBA,AWS Certified,Cybersecurity Analyst,Hire,63157,4,100,"['ethical hacking', 'cybersecurity', 'linux']",3,senior,7,3,cybersecurity analyst,cybersecurity,MBA,3,1,0,1,0,1,0,1,0,0,0,0,0,0,0,0
258,Jasmine Cole,"Cybersecurity, Linux",8,B.Sc,Google ML,Cybersecurity Analyst,Hire,90950,10,100,"['linux', 'cybersecurity']",2,senior,8,3,cybersecurity analyst,cybersecurity,B.SC,2,1,0,1,0,0,0,1,0,0,0,0,0,0,0,0
262,Eduardo Wilson,"Ethical Hacking, Linux, Networking",1,PhD,AWS Certified,Cybersecurity Analyst,Hire,59652,10,85,"['ethical hacking', 'networking', 'linux']",3,fresher,1,0,cybersecurity analyst,cybersecurity,PHD,4,1,0,0,0,1,0,1,0,0,1,0,0,0,0,0
267,Gregory Rogers,"Networking, Ethical Hacking",0,M.Tech,AWS Certified,Cybersecurity Analyst,Reject,74792,5,45,"['ethical hacking', 'networking']",2,fresher,0,0,cybersecurity analyst,cybersecurity,M.TECH,3,0,0,0,0,1,0,0,0,0,1,0,0,0,0,0
270,Jerry Allen,"Cybersecurity, Linux, Networking, Ethical Hacking",9,PhD,Deep Learning Specialization,Cybersecurity Analyst,Hire,94447,4,100,"['linux', 'networking', 'ethical hacking', 'cybersecurity']",4,senior,9,3,cybersecurity analyst,cybersecurity,PHD,4,1,0,1,0,1,0,1,0,0,1,0,0,0,0,0
272,Laura Garcia,"Ethical Hacking, Cybersecurity",0,B.Sc,,Cybersecurity Analyst,Reject,47079,8,50,"['ethical hacking', 'cybersecurity']",2,fresher,0,0,cybersecurity analyst,cybersecurity,B.SC,2,0,0,1,0,1,0,0,0,0,0,0,0,0,0,0
273,Cassandra Ford,"Linux, Cybersecurity",2,PhD,AWS Certified,Cybersecurity Analyst,Reject,48427,1,45,"['linux', 'cybersecurity']",2,junior,2,1,cybersecurity analyst,cybersecurity,PHD,4,0,0,1,0,0,0,1,0,0,0,0,0,0,0,0
275,Jon Hall,"Networking, Linux",3,M.Tech,Deep Learning Specialization,Cybersecurity Analyst,Hire,102962,7,85,"['linux', 'networking']",2,mid-level,3,2,cybersecurity analyst,cybersecurity,M.TECH,3,1,0,0,0,0,0,1,0,0,1,0,0,0,0,0
279,Trevor Freeman,"Cybersecurity, Networking, Ethical Hacking",6,M.Tech,AWS Certified,Cybersecurity Analyst,Hire,53165,8,100,"['ethical hacking', 'networking', 'cybersecurity']",3,senior,6,3,cybersecurity analyst,cybersecurity,M.TECH,3,1,0,1,0,1,0,0,0,0,1,0,0,0,0,0
286,Joanna Little,"Ethical Hacking, Cybersecurity, Networking",2,PhD,Deep Learning Specialization,Cybersecurity Analyst,Hire,117219,5,70,"['ethical hacking', 'networking', 'cybersecurity']",3,junior,2,1,cybersecurity analyst,cybersecurity,PHD,4,1,0,1,0,1,0,0,0,0,1,0,0,0,0,0
290,Martin Dean,"Ethical Hacking, Networking",6,MBA,Deep Learning Specialization,Cybersecurity Analyst,Hire,61633,4,100,"['ethical hacking', 'networking']",2,senior,6,3,cybersecurity analyst,cybersecurity,MBA,3,1,0,0,0,1,0,0,0,0,1,0,0,0,0,0
292,Amanda Watson,"Cybersecurity, Networking, Linux",2,B.Sc,AWS Certified,Cybersecurity Analyst,Reject,104195,3,60,"['linux', 'networking', 'cybersecurity']",3,junior,2,1,cybersecurity analyst,cybersecurity,B.SC,2,0,0,1,0,0,0,1,0,0,1,0,0,0,0,0
297,Robert Cook,"Networking, Linux, Ethical Hacking, Cybersecurity",2,B.Sc,Deep Learning Specialization,Cybersecurity Analyst,Reject,108144,2,60,"['linux', 'networking', 'ethical hacking', 'cybersecurity']",4,junior,2,1,cybersecurity analyst,cybersecurity,B.SC,2,0,0,1,0,1,0,1,0,0,1,0,0,0,0,0
298,Jerome Schmitt,"Networking, Cybersecurity, Linux, Ethical Hacking",8,MBA,Google ML,Cybersecurity Analyst,Hire,104087,4,100,"['linux', 'networking', 'ethical hacking', 'cybersecurity']",4,senior,8,3,cybersecurity analyst,cybersecurity,MBA,3,1,0,1,0,1,0,1,0,0,1,0,0,0,0,0
301,Kristen Maynard,"Linux, Ethical Hacking",10,M.Tech,Google ML,Cybersecurity Analyst,Hire,71601,9,100,"['linux', 'ethical hacking']",2,fresher,10,0,cybersecurity analyst,cybersecurity,M.TECH,3,1,0,0,0,1,0,1,0,0,0,0,0,0,0,0
311,Richard Kelly,"Cybersecurity, Ethical Hacking, Networking",0,B.Tech,,Cybersecurity Analyst,Reject,82635,7,50,"['ethical hacking', 'networking', 'cybersecurity']",3,fresher,0,0,cybersecurity analyst,cybersecurity,B.TECH,2,0,0,1,0,1,0,0,0,0,1,0,0,0,0,0
315,Robert Thompson,"Networking, Ethical Hacking, Linux, Cybersecurity",10,M.Tech,Google ML,Cybersecurity Analyst,Hire,97006,5,100,"['ethical hacking', 'networking', 'linux', 'cybersecurity']",4,fresher,10,0,cybersecurity analyst,cybersecurity,M.TECH,3,1,0,1,0,1,0,1,0,0,1,0,0,0,0,0
316,Joseph Rojas,"Cybersecurity, Ethical Hacking, Linux",1,MBA,AWS Certified,Cybersecurity Analyst,Hire,78344,10,85,"['ethical hacking', 'cybersecurity', 'linux']",3,fresher,1,0,cybersecurity analyst,cybersecurity,MBA,3,1,0,1,0,1,0,1,0,0,0,0,0,0,0,0
317,Richard Padilla,"Cybersecurity, Networking, Ethical Hacking, Linux",2,B.Sc,,Cybersecurity Analyst,Reject,59121,4,60,"['ethical hacking', 'networking', 'cybersecurity', 'linux']",4,junior,2,1,cybersecurity analyst,cybersecurity,B.SC,2,0,0,1,0,1,0,1,0,0,1,0,0,0,0,0
322,Jennifer Padilla,"Networking, Linux, Cybersecurity, Ethical Hacking",5,M.Tech,Deep Learning Specialization,Cybersecurity Analyst,Hire,102150,3,95,"['linux', 'networking', 'ethical hacking', 'cybersecurity']",4,mid-level,5,2,cybersecurity analyst,cybersecurity,M.TECH,3,1,0,1,0,1,0,1,0,0,1,0,0,0,0,0
324,Brandon Monroe,"Ethical Hacking, Linux",8,B.Tech,Deep Learning Specialization,Cybersecurity Analyst,Hire,93214,2,100,"['ethical hacking', 'linux']",2,senior,8,3,cybersecurity analyst,cybersecurity,B.TECH,2,1,0,0,0,1,0,1,0,0,0,0,0,0,0,0
328,Maria Perez PhD,"Ethical Hacking, Linux, Cybersecurity",4,MBA,,Cybersecurity Analyst,Hire,52722,9,100,"['ethical hacking', 'linux', 'cybersecurity']",3,mid-level,4,2,cybersecurity analyst,cybersecurity,MBA,3,1,0,1,0,1,0,1,0,0,0,0,0,0,0,0
330,Bryan Clayton,"Networking, Cybersecurity, Ethical Hacking, Linux",0,PhD,AWS Certified,Cybersecurity Analyst,Reject,62201,5,55,"['ethical hacking', 'networking', 'cybersecurity', 'linux']",4,fresher,0,0,cybersecurity analyst,cybersecurity,PHD,4,0,0,1,0,1,0,1,0,0,1,0,0,0,0,0
334,William Walker,"Linux, Cybersecurity, Networking",2,B.Sc,AWS Certified,Cybersecurity Analyst,Reject,54759,1,50,"['linux', 'networking', 'cybersecurity']",3,junior,2,1,cybersecurity analyst,cybersecurity,B.SC,2,0,0,1,0,0,0,1,0,0,1,0,0,0,0,0
335,Natalie King,"Ethical Hacking, Linux",7,M.Tech,Deep Learning Specialization,Cybersecurity Analyst,Hire,91922,0,90,"['ethical hacking', 'linux']",2,senior,7,3,cybersecurity analyst,cybersecurity,M.TECH,3,1,0,0,0,1,0,1,0,0,0,0,0,0,0,0
339,Jose Kirk,"Networking, Linux, Ethical Hacking, Cybersecurity",4,B.Tech,,Cybersecurity Analyst,Reject,75555,0,60,"['linux', 'networking', 'ethical hacking', 'cybersecurity']",4,mid-level,4,2,cybersecurity analyst,cybersecurity,B.TECH,2,0,0,1,0,1,0,1,0,0,1,0,0,0,0,0
344,Stephanie Mosley,"Cybersecurity, Networking",3,MBA,,Cybersecurity Analyst,Hire,55213,9,85,"['networking', 'cybersecurity']",2,mid-level,3,2,cybersecurity analyst,cybersecurity,MBA,3,1,0,1,0,0,0,0,0,0,1,0,0,0,0,0
346,Isabel Williams,"Cybersecurity, Ethical Hacking, Networking, Linux",6,MBA,Google ML,Cybersecurity Analyst,Hire,89696,10,100,"['ethical hacking', 'networking', 'cybersecurity', 'linux']",4,senior,6,3,cybersecurity analyst,cybersecurity,MBA,3,1,0,1,0,1,0,1,0,0,1,0,0,0,0,0
347,Jessica Ruiz,"Ethical Hacking, Cybersecurity, Linux, Networking",0,MBA,Google ML,Cybersecurity Analyst,Hire,102527,7,65,"['ethical hacking', 'networking', 'cybersecurity', 'linux']",4,fresher,0,0,cybersecurity analyst,cybersecurity,MBA,3,1,0,1,0,1,0,1,0,0,1,0,0,0,0,0
350,Shannon Young,"Ethical Hacking, Linux",2,M.Tech,,Cybersecurity Analyst,Hire,115687,7,65,"['ethical hacking', 'linux']",2,junior,2,1,cybersecurity analyst,cybersecurity,M.TECH,3,1,0,0,0,1,0,1,0,0,0,0,0,0,0,0
351,George Hansen,"Networking, Ethical Hacking",1,M.Tech,AWS Certified,Cybersecurity Analyst,Reject,65217,6,60,"['ethical hacking', 'networking']",2,fresher,1,0,cybersecurity analyst,cybersecurity,M.TECH,3,0,0,0,0,1,0,0,0,0,1,0,0,0,0,0
360,Nicole Randolph,"Networking, Ethical Hacking",0,B.Tech,,Cybersecurity Analyst,Reject,97659,4,30,"['ethical hacking', 'networking']",2,fresher,0,0,cybersecurity analyst,cybersecurity,B.TECH,2,0,0,0,0,1,0,0,0,0,1,0,0,0,0,0
361,James Cline,"Linux, Ethical Hacking",2,M.Tech,AWS Certified,Cybersecurity Analyst,Reject,76342,4,60,"['linux', 'ethical hacking']",2,junior,2,1,cybersecurity analyst,cybersecurity,M.TECH,3,0,0,0,0,1,0,1,0,0,0,0,0,0,0,0
362,April West,"Networking, Linux, Cybersecurity, Ethical Hacking",7,B.Tech,AWS Certified,Cybersecurity Analyst,Hire,103102,2,100,"['linux', 'networking', 'ethical hacking', 'cybersecurity']",4,senior,7,3,cybersecurity analyst,cybersecurity,B.TECH,2,1,0,1,0,1,0,1,0,0,1,0,0,0,0,0
367,Christina Perez,"Linux, Cybersecurity, Ethical Hacking",2,B.Sc,,Cybersecurity Analyst,Reject,60533,2,45,"['linux', 'ethical hacking', 'cybersecurity']",3,junior,2,1,cybersecurity analyst,cybersecurity,B.SC,2,0,0,1,0,1,0,1,0,0,0,0,0,0,0,0
370,Jose Young,"Linux, Networking, Ethical Hacking",10,B.Tech,,Cybersecurity Analyst,Hire,91447,5,100,"['linux', 'networking', 'ethical hacking']",3,fresher,10,0,cybersecurity analyst,cybersecurity,B.TECH,2,1,0,0,0,1,0,1,0,0,1,0,0,0,0,0
375,Thomas Lee,"Cybersecurity, Linux, Ethical Hacking",3,B.Sc,AWS Certified,Cybersecurity Analyst,Hire,75300,5,80,"['linux', 'ethical hacking', 'cybersecurity']",3,mid-level,3,2,cybersecurity analyst,cybersecurity,B.SC,2,1,0,1,0,1,0,1,0,0,0,0,0,0,0,0
376,Jennifer Love,"Ethical Hacking, Networking, Linux",1,M.Tech,Google ML,Cybersecurity Analyst,Reject,57375,2,45,"['ethical hacking', 'networking', 'linux']",3,fresher,1,0,cybersecurity analyst,cybersecurity,M.TECH,3,0,0,0,0,1,0,1,0,0,1,0,0,0,0,0
386,Wendy Ferguson,"Linux, Ethical Hacking, Networking",10,B.Sc,Deep Learning Specialization,Cybersecurity Analyst,Hire,108070,1,100,"['linux', 'networking', 'ethical hacking']",3,fresher,10,0,cybersecurity analyst,cybersecurity,B.SC,2,1,0,0,0,1,0,1,0,0,1,0,0,0,0,0
398,Allison Hoffman,"Ethical Hacking, Linux",1,PhD,,Cybersecurity Analyst,Hire,95656,9,65,"['ethical hacking', 'linux']",2,fresher,1,0,cybersecurity analyst,cybersecurity,PHD,4,1,0,0,0,1,0,1,0,0,0,0,0,0,0,0
401,Christopher Chandler DVM,"Cybersecurity, Linux, Ethical Hacking",5,MBA,AWS Certified,Cybersecurity Analyst,Hire,59821,5,100,"['linux', 'ethical hacking', 'cybersecurity']",3,mid-level,5,2,cybersecurity analyst,cybersecurity,MBA,3,1,0,1,0,1,0,1,0,0,0,0,0,0,0,0
402,Sarah Gomez,"Cybersecurity, Networking, Linux, Ethical Hacking",6,B.Sc,,Cybersecurity Analyst,Hire,102518,7,100,"['linux', 'networking', 'ethical hacking', 'cybersecurity']",4,senior,6,3,cybersecurity analyst,cybersecurity,B.SC,2,1,0,1,0,1,0,1,0,0,1,0,0,0,0,0
403,Carlos Dawson,"Networking, Linux, Ethical Hacking, Cybersecurity",10,B.Tech,Google ML,Cybersecurity Analyst,Hire,61659,10,100,"['linux', 'networking', 'ethical hacking', 'cybersecurity']",4,fresher,10,0,cybersecurity analyst,cybersecurity,B.TECH,2,1,0,1,0,1,0,1,0,0,1,0,0,0,0,0
405,Kyle Contreras,"Cybersecurity, Linux, Ethical Hacking",3,MBA,,Cybersecurity Analyst,Hire,103993,9,90,"['linux', 'ethical hacking', 'cybersecurity']",3,mid-level,3,2,cybersecurity analyst,cybersecurity,MBA,3,1,0,1,0,1,0,1,0,0,0,0,0,0,0,0
409,Timothy Fitzgerald,"Networking, Linux",3,MBA,,Cybersecurity Analyst,Hire,97811,6,70,"['linux', 'networking']",2,mid-level,3,2,cybersecurity analyst,cybersecurity,MBA,3,1,0,0,0,0,0,1,0,0,1,0,0,0,0,0
412,Kent Davis,"Cybersecurity, Networking",4,PhD,,Cybersecurity Analyst,Reject,87051,0,50,"['networking', 'cybersecurity']",2,mid-level,4,2,cybersecurity analyst,cybersecurity,PHD,4,0,0,1,0,0,0,0,0,0,1,0,0,0,0,0
420,Joseph Richards,"Cybersecurity, Ethical Hacking, Linux",1,B.Tech,Google ML,Cybersecurity Analyst,Hire,65313,7,70,"['ethical hacking', 'cybersecurity', 'linux']",3,fresher,1,0,cybersecurity analyst,cybersecurity,B.TECH,2,1,0,1,0,1,0,1,0,0,0,0,0,0,0,0
421,Megan Smith,"Linux, Networking, Cybersecurity",6,MBA,,Cybersecurity Analyst,Hire,59504,1,80,"['linux', 'networking', 'cybersecurity']",3,senior,6,3,cybersecurity analyst,cybersecurity,MBA,3,1,0,1,0,0,0,1,0,0,1,0,0,0,0,0
427,Robert Cameron,"Cybersecurity, Linux, Ethical Hacking",7,MBA,Deep Learning Specialization,Cybersecurity Analyst,Hire,81422,10,100,"['linux', 'ethical hacking', 'cybersecurity']",3,senior,7,3,cybersecurity analyst,cybersecurity,MBA,3,1,0,1,0,1,0,1,0,0,0,0,0,0,0,0
429,Anna Morrison,"Networking, Linux",5,M.Tech,Google ML,Cybersecurity Analyst,Hire,61038,9,100,"['linux', 'networking']",2,mid-level,5,2,cybersecurity analyst,cybersecurity,M.TECH,3,1,0,0,0,0,0,1,0,0,1,0,0,0,0,0
432,Kent Ward,"Cybersecurity, Ethical Hacking",2,B.Tech,Deep Learning Specialization,Cybersecurity Analyst,Hire,100524,5,65,"['ethical hacking', 'cybersecurity']",2,junior,2,1,cybersecurity analyst,cybersecurity,B.TECH,2,1,0,1,0,1,0,0,0,0,0,0,0,0,0,0
435,Brenda Haney,"Networking, Cybersecurity, Linux, Ethical Hacking",5,B.Sc,,Cybersecurity Analyst,Hire,93770,7,100,"['linux', 'networking', 'ethical hacking', 'cybersecurity']",4,mid-level,5,2,cybersecurity analyst,cybersecurity,B.SC,2,1,0,1,0,1,0,1,0,0,1,0,0,0,0,0
442,Benjamin Ward,"Networking, Cybersecurity",5,MBA,,Cybersecurity Analyst,Hire,40736,6,90,"['networking', 'cybersecurity']",2,mid-level,5,2,cybersecurity analyst,cybersecurity,MBA,3,1,0,1,0,0,0,0,0,0,1,0,0,0,0,0
451,Thomas Hood,"Networking, Ethical Hacking, Cybersecurity",10,B.Sc,Google ML,Cybersecurity Analyst,Hire,92197,5,100,"['ethical hacking', 'networking', 'cybersecurity']",3,fresher,10,0,cybersecurity analyst,cybersecurity,B.SC,2,1,0,1,0,1,0,0,0,0,1,0,0,0,0,0
457,Paul Wallace,"Cybersecurity, Ethical Hacking, Linux, Networking",6,MBA,Deep Learning Specialization,Cybersecurity Analyst,Hire,80085,10,100,"['ethical hacking', 'networking', 'cybersecurity', 'linux']",4,senior,6,3,cybersecurity analyst,cybersecurity,MBA,3,1,0,1,0,1,0,1,0,0,1,0,0,0,0,0
458,Keith Hayes,"Linux, Networking",6,PhD,,Cybersecurity Analyst,Hire,85029,9,100,"['linux', 'networking']",2,senior,6,3,cybersecurity analyst,cybersecurity,PHD,4,1,0,0,0,0,0,1,0,0,1,0,0,0,0,0
462,Daniel Ruiz,"Ethical Hacking, Networking, Linux",1,M.Tech,Google ML,Cybersecurity Analyst,Hire,102085,6,65,"['ethical hacking', 'networking', 'linux']",3,fresher,1,0,cybersecurity analyst,cybersecurity,M.TECH,3,1,0,0,0,1,0,1,0,0,1,0,0,0,0,0
465,Steven White,"Ethical Hacking, Networking",10,M.Tech,AWS Certified,Cybersecurity Analyst,Hire,71504,6,100,"['ethical hacking', 'networking']",2,fresher,10,0,cybersecurity analyst,cybersecurity,M.TECH,3,1,0,0,0,1,0,0,0,0,1,0,0,0,0,0
468,Margaret Turner,"Cybersecurity, Ethical Hacking, Networking, Linux",3,PhD,,Cybersecurity Analyst,Hire,105166,5,75,"['ethical hacking', 'networking', 'cybersecurity', 'linux']",4,mid-level,3,2,cybersecurity analyst,cybersecurity,PHD,4,1,0,1,0,1,0,1,0,0,1,0,0,0,0,0
479,Johnny Arias,"Networking, Ethical Hacking, Linux, Cybersecurity",10,M.Tech,Google ML,Cybersecurity Analyst,Hire,56891,0,100,"['ethical hacking', 'networking', 'linux', 'cybersecurity']",4,fresher,10,0,cybersecurity analyst,cybersecurity,M.TECH,3,1,0,1,0,1,0,1,0,0,1,0,0,0,0,0
482,Douglas Sampson,"Linux, Cybersecurity, Ethical Hacking, Networking",2,B.Tech,AWS Certified,Cybersecurity Analyst,Hire,59397,10,100,"['linux', 'networking', 'ethical hacking', 'cybersecurity']",4,junior,2,1,cybersecurity analyst,cybersecurity,B.TECH,2,1,0,1,0,1,0,1,0,0,1,0,0,0,0,0
484,Ann Morgan,"Networking, Cybersecurity, Linux",5,M.Tech,Google ML,Cybersecurity Analyst,Hire,113331,8,100,"['linux', 'networking', 'cybersecurity']",3,mid-level,5,2,cybersecurity analyst,cybersecurity,M.TECH,3,1,0,1,0,0,0,1,0,0,1,0,0,0,0,0
486,Matthew Gregory,"Ethical Hacking, Networking",8,B.Sc,,Cybersecurity Analyst,Hire,69766,1,95,"['ethical hacking', 'networking']",2,senior,8,3,cybersecurity analyst,cybersecurity,B.SC,2,1,0,0,0,1,0,0,0,0,1,0,0,0,0,0
487,Eric Hill,"Ethical Hacking, Linux",6,B.Tech,Deep Learning Specialization,Cybersecurity Analyst,Hire,83470,2,90,"['ethical hacking', 'linux']",2,senior,6,3,cybersecurity analyst,cybersecurity,B.TECH,2,1,0,0,0,1,0,1,0,0,0,0,0,0,0,0
497,Darrell Morris,"Linux, Ethical Hacking, Cybersecurity, Networking",7,B.Tech,AWS Certified,Cybersecurity Analyst,Hire,61624,1,100,"['linux', 'networking', 'ethical hacking', 'cybersecurity']",4,senior,7,3,cybersecurity analyst,cybersecurity,B.TECH,2,1,0,1,0,1,0,1,0,0,1,0,0,0,0,0
504,Alex Morgan,"Linux, Networking",4,M.Tech,,Cybersecurity Analyst,Reject,116278,0,50,"['linux', 'networking']",2,mid-level,4,2,cybersecurity analyst,cybersecurity,M.TECH,3,0,0,0,0,0,0,1,0,0,1,0,0,0,0,0
506,Robert Aguilar,"Networking, Ethical Hacking",0,PhD,Deep Learning Specialization,Cybersecurity Analyst,Reject,63561,5,45,"['ethical hacking', 'networking']",2,fresher,0,0,cybersecurity analyst,cybersecurity,PHD,4,0,0,0,0,1,0,0,0,0,1,0,0,0,0,0
510,Cody Harris,"Ethical Hacking, Linux",7,PhD,,Cybersecurity Analyst,Hire,47840,0,80,"['ethical hacking', 'linux']",2,senior,7,3,cybersecurity analyst,cybersecurity,PHD,4,1,0,0,0,1,0,1,0,0,0,0,0,0,0,0
511,Roger Lewis,"Networking, Ethical Hacking, Linux, Cybersecurity",9,B.Tech,Deep Learning Specialization,Cybersecurity Analyst,Hire,80779,5,100,"['ethical hacking', 'networking', 'linux', 'cybersecurity']",4,senior,9,3,cybersecurity analyst,cybersecurity,B.TECH,2,1,0,1,0,1,0,1,0,0,1,0,0,0,0,0
512,Pamela Foster,"Networking, Ethical Hacking, Cybersecurity, Linux",9,MBA,Deep Learning Specialization,Cybersecurity Analyst,Hire,73181,5,100,"['ethical hacking', 'networking', 'cybersecurity', 'linux']",4,senior,9,3,cybersecurity analyst,cybersecurity,MBA,3,1,0,1,0,1,0,1,0,0,1,0,0,0,0,0
513,Monica Allison,"Cybersecurity, Linux, Ethical Hacking",1,B.Tech,AWS Certified,Cybersecurity Analyst,Hire,74376,9,80,"['linux', 'ethical hacking', 'cybersecurity']",3,fresher,1,0,cybersecurity analyst,cybersecurity,B.TECH,2,1,0,1,0,1,0,1,0,0,0,0,0,0,0,0
514,David Cruz,"Cybersecurity, Linux, Networking, Ethical Hacking",0,M.Tech,AWS Certified,Cybersecurity Analyst,Reject,77105,4,50,"['linux', 'networking', 'ethical hacking', 'cybersecurity']",4,fresher,0,0,cybersecurity analyst,cybersecurity,M.TECH,3,0,0,1,0,1,0,1,0,0,1,0,0,0,0,0
518,Renee Hayes,"Ethical Hacking, Linux",4,B.Sc,Deep Learning Specialization,Cybersecurity Analyst,Hire,56684,5,85,"['ethical hacking', 'linux']",2,mid-level,4,2,cybersecurity analyst,cybersecurity,B.SC,2,1,0,0,0,1,0,1,0,0,0,0,0,0,0,0
523,Ronald Griffith,"Linux, Networking, Cybersecurity, Ethical Hacking",8,B.Tech,Deep Learning Specialization,Cybersecurity Analyst,Hire,40945,4,100,"['linux', 'networking', 'ethical hacking', 'cybersecurity']",4,senior,8,3,cybersecurity analyst,cybersecurity,B.TECH,2,1,0,1,0,1,0,1,0,0,1,0,0,0,0,0
526,Jenna Burnett,"Networking, Cybersecurity",7,PhD,,Cybersecurity Analyst,Hire,50704,0,80,"['networking', 'cybersecurity']",2,senior,7,3,cybersecurity analyst,cybersecurity,PHD,4,1,0,1,0,0,0,0,0,0,1,0,0,0,0,0
528,Cheryl Morton,"Ethical Hacking, Networking, Linux",0,B.Tech,Google ML,Cybersecurity Analyst,Hire,99469,9,70,"['ethical hacking', 'networking', 'linux']",3,fresher,0,0,cybersecurity analyst,cybersecurity,B.TECH,2,1,0,0,0,1,0,1,0,0,1,0,0,0,0,0
535,Alexandra Gilbert,"Networking, Linux",2,B.Sc,,Cybersecurity Analyst,Reject,64118,0,30,"['linux', 'networking']",2,junior,2,1,cybersecurity analyst,cybersecurity,B.SC,2,0,0,0,0,0,0,1,0,0,1,0,0,0,0,0
544,Sarah Jones,"Ethical Hacking, Networking",6,B.Sc,AWS Certified,Cybersecurity Analyst,Hire,119478,2,90,"['ethical hacking', 'networking']",2,senior,6,3,cybersecurity analyst,cybersecurity,B.SC,2,1,0,0,0,1,0,0,0,0,1,0,0,0,0,0
549,Heather Lewis,"Networking, Linux, Ethical Hacking, Cybersecurity",3,M.Tech,AWS Certified,Cybersecurity Analyst,Hire,115553,9,100,"['linux', 'networking', 'ethical hacking', 'cybersecurity']",4,mid-level,3,2,cybersecurity analyst,cybersecurity,M.TECH,3,1,0,1,0,1,0,1,0,0,1,0,0,0,0,0
557,Jennifer Smith,"Ethical Hacking, Networking, Cybersecurity",10,MBA,Deep Learning Specialization,Cybersecurity Analyst,Hire,51159,8,100,"['ethical hacking', 'networking', 'cybersecurity']",3,fresher,10,0,cybersecurity analyst,cybersecurity,MBA,3,1,0,1,0,1,0,0,0,0,1,0,0,0,0,0
559,Zachary Parker,"Cybersecurity, Linux, Networking, Ethical Hacking",0,MBA,,Cybersecurity Analyst,Hire,92175,10,70,"['linux', 'networking', 'ethical hacking', 'cybersecurity']",4,fresher,0,0,cybersecurity analyst,cybersecurity,MBA,3,1,0,1,0,1,0,1,0,0,1,0,0,0,0,0
560,Thomas Hawkins,"Cybersecurity, Ethical Hacking",1,PhD,AWS Certified,Cybersecurity Analyst,Reject,65601,5,55,"['ethical hacking', 'cybersecurity']",2,fresher,1,0,cybersecurity analyst,cybersecurity,PHD,4,0,0,1,0,1,0,0,0,0,0,0,0,0,0,0
565,Robyn Griffin,"Networking, Linux",10,PhD,,Cybersecurity Analyst,Hire,82245,2,100,"['linux', 'networking']",2,fresher,10,0,cybersecurity analyst,cybersecurity,PHD,4,1,0,0,0,0,0,1,0,0,1,0,0,0,0,0
569,Zachary Ross,"Linux, Cybersecurity, Ethical Hacking",8,PhD,Deep Learning Specialization,Cybersecurity Analyst,Hire,71624,8,100,"['linux', 'ethical hacking', 'cybersecurity']",3,senior,8,3,cybersecurity analyst,cybersecurity,PHD,4,1,0,1,0,1,0,1,0,0,0,0,0,0,0,0
575,Michelle King,"Ethical Hacking, Networking",6,M.Tech,,Cybersecurity Analyst,Hire,94810,7,100,"['ethical hacking', 'networking']",2,senior,6,3,cybersecurity analyst,cybersecurity,M.TECH,3,1,0,0,0,1,0,0,0,0,1,0,0,0,0,0
585,Andrew Santiago,"Ethical Hacking, Cybersecurity, Linux",6,MBA,Google ML,Cybersecurity Analyst,Hire,66802,1,90,"['ethical hacking', 'cybersecurity', 'linux']",3,senior,6,3,cybersecurity analyst,cybersecurity,MBA,3,1,0,1,0,1,0,1,0,0,0,0,0,0,0,0
588,Samantha Jackson,"Linux, Networking, Ethical Hacking",3,B.Tech,AWS Certified,Cybersecurity Analyst,Hire,45475,3,70,"['linux', 'networking', 'ethical hacking']",3,mid-level,3,2,cybersecurity analyst,cybersecurity,B.TECH,2,1,0,0,0,1,0,1,0,0,1,0,0,0,0,0
590,Brenda Stein,"Linux, Ethical Hacking",3,M.Tech,AWS Certified,Cybersecurity Analyst,Reject,45271,2,60,"['linux', 'ethical hacking']",2,mid-level,3,2,cybersecurity analyst,cybersecurity,M.TECH,3,0,0,0,0,1,0,1,0,0,0,0,0,0,0,0
606,Kelly Porter,"Cybersecurity, Networking, Ethical Hacking, Linux",5,B.Tech,AWS Certified,Cybersecurity Analyst,Hire,74090,3,95,"['ethical hacking', 'networking', 'cybersecurity', 'linux']",4,mid-level,5,2,cybersecurity analyst,cybersecurity,B.TECH,2,1,0,1,0,1,0,1,0,0,1,0,0,0,0,0
610,Briana Burnett,"Linux, Ethical Hacking, Cybersecurity, Networking",8,M.Tech,,Cybersecurity Analyst,Hire,76830,2,100,"['linux', 'networking', 'ethical hacking', 'cybersecurity']",4,senior,8,3,cybersecurity analyst,cybersecurity,M.TECH,3,1,0,1,0,1,0,1,0,0,1,0,0,0,0,0
616,Steven Crawford,"Networking, Ethical Hacking, Linux",3,M.Tech,,Cybersecurity Analyst,Hire,101694,8,85,"['ethical hacking', 'networking', 'linux']",3,mid-level,3,2,cybersecurity analyst,cybersecurity,M.TECH,3,1,0,0,0,1,0,1,0,0,1,0,0,0,0,0
623,Steven Compton,"Cybersecurity, Ethical Hacking, Networking, Linux",2,B.Sc,Google ML,Cybersecurity Analyst,Hire,72178,3,65,"['ethical hacking', 'networking', 'cybersecurity', 'linux']",4,junior,2,1,cybersecurity analyst,cybersecurity,B.SC,2,1,0,1,0,1,0,1,0,0,1,0,0,0,0,0
625,Victoria Thompson,"Cybersecurity, Ethical Hacking, Linux, Networking",5,B.Tech,AWS Certified,Cybersecurity Analyst,Hire,109004,7,100,"['ethical hacking', 'networking', 'cybersecurity', 'linux']",4,mid-level,5,2,cybersecurity analyst,cybersecurity,B.TECH,2,1,0,1,0,1,0,1,0,0,1,0,0,0,0,0
631,Kevin Cross,"Cybersecurity, Networking",4,PhD,,Cybersecurity Analyst,Reject,98557,2,60,"['networking', 'cybersecurity']",2,mid-level,4,2,cybersecurity analyst,cybersecurity,PHD,4,0,0,1,0,0,0,0,0,0,1,0,0,0,0,0
632,Nicholas Williams,"Linux, Ethical Hacking, Cybersecurity",8,PhD,Deep Learning Specialization,Cybersecurity Analyst,Hire,102480,5,100,"['linux', 'ethical hacking', 'cybersecurity']",3,senior,8,3,cybersecurity analyst,cybersecurity,PHD,4,1,0,1,0,1,0,1,0,0,0,0,0,0,0,0
633,Thomas Hutchinson,"Ethical Hacking, Networking, Linux, Cybersecurity",1,B.Sc,Google ML,Cybersecurity Analyst,Hire,97517,9,85,"['ethical hacking', 'networking', 'linux', 'cybersecurity']",4,fresher,1,0,cybersecurity analyst,cybersecurity,B.SC,2,1,0,1,0,1,0,1,0,0,1,0,0,0,0,0
641,Melanie Jones,"Ethical Hacking, Linux, Networking, Cybersecurity",3,PhD,,Cybersecurity Analyst,Hire,106073,4,70,"['ethical hacking', 'networking', 'linux', 'cybersecurity']",4,mid-level,3,2,cybersecurity analyst,cybersecurity,PHD,4,1,0,1,0,1,0,1,0,0,1,0,0,0,0,0
642,Kevin English,"Networking, Cybersecurity",1,PhD,,Cybersecurity Analyst,Hire,100697,9,65,"['networking', 'cybersecurity']",2,fresher,1,0,cybersecurity analyst,cybersecurity,PHD,4,1,0,1,0,0,0,0,0,0,1,0,0,0,0,0
643,Michael Chang,"Ethical Hacking, Networking",7,B.Tech,Deep Learning Specialization,Cybersecurity Analyst,Hire,75810,7,100,"['ethical hacking', 'networking']",2,senior,7,3,cybersecurity analyst,cybersecurity,B.TECH,2,1,0,0,0,1,0,0,0,0,1,0,0,0,0,0
644,Shannon Nguyen,"Networking, Ethical Hacking",3,B.Sc,Google ML,Cybersecurity Analyst,Reject,45918,0,50,"['ethical hacking', 'networking']",2,mid-level,3,2,cybersecurity analyst,cybersecurity,B.SC,2,0,0,0,0,1,0,0,0,0,1,0,0,0,0,0
645,Gregory Martin,"Cybersecurity, Networking, Ethical Hacking, Linux",9,PhD,AWS Certified,Cybersecurity Analyst,Hire,41733,0,100,"['ethical hacking', 'networking', 'cybersecurity', 'linux']",4,senior,9,3,cybersecurity analyst,cybersecurity,PHD,4,1,0,1,0,1,0,1,0,0,1,0,0,0,0,0
650,Kathleen Farrell,"Linux, Cybersecurity, Ethical Hacking",10,M.Tech,Deep Learning Specialization,Cybersecurity Analyst,Hire,56768,3,100,"['linux', 'ethical hacking', 'cybersecurity']",3,fresher,10,0,cybersecurity analyst,cybersecurity,M.TECH,3,1,0,1,0,1,0,1,0,0,0,0,0,0,0,0
654,Michael Ramirez,"Networking, Cybersecurity, Ethical Hacking, Linux",4,B.Tech,Deep Learning Specialization,Cybersecurity Analyst,Hire,98013,4,90,"['ethical hacking', 'networking', 'cybersecurity', 'linux']",4,mid-level,4,2,cybersecurity analyst,cybersecurity,B.TECH,2,1,0,1,0,1,0,1,0,0,1,0,0,0,0,0
655,Steven Haney,"Ethical Hacking, Networking",9,B.Sc,Google ML,Cybersecurity Analyst,Hire,56987,1,100,"['ethical hacking', 'networking']",2,senior,9,3,cybersecurity analyst,cybersecurity,B.SC,2,1,0,0,0,1,0,0,0,0,1,0,0,0,0,0
658,Edward Duncan,"Networking, Linux, Ethical Hacking, Cybersecurity",0,MBA,,Cybersecurity Analyst,Reject,108549,2,30,"['linux', 'networking', 'ethical hacking', 'cybersecurity']",4,fresher,0,0,cybersecurity analyst,cybersecurity,MBA,3,0,0,1,0,1,0,1,0,0,1,0,0,0,0,0
662,Monica Williams,"Linux, Cybersecurity",2,PhD,,Cybersecurity Analyst,Hire,41824,7,65,"['linux', 'cybersecurity']",2,junior,2,1,cybersecurity analyst,cybersecurity,PHD,4,1,0,1,0,0,0,1,0,0,0,0,0,0,0,0
664,Edward Williams,"Cybersecurity, Ethical Hacking, Networking",6,M.Tech,Google ML,Cybersecurity Analyst,Hire,108922,10,100,"['ethical hacking', 'networking', 'cybersecurity']",3,senior,6,3,cybersecurity analyst,cybersecurity,M.TECH,3,1,0,1,0,1,0,0,0,0,1,0,0,0,0,0
674,Zachary Simpson,"Ethical Hacking, Linux, Networking, Cybersecurity",0,B.Tech,Google ML,Cybersecurity Analyst,Reject,76108,5,55,"['ethical hacking', 'networking', 'linux', 'cybersecurity']",4,fresher,0,0,cybersecurity analyst,cybersecurity,B.TECH,2,0,0,1,0,1,0,1,0,0,1,0,0,0,0,0
676,Danielle Lewis,"Ethical Hacking, Networking, Linux, Cybersecurity",0,B.Tech,Google ML,Cybersecurity Analyst,Hire,70943,8,70,"['ethical hacking', 'networking', 'linux', 'cybersecurity']",4,fresher,0,0,cybersecurity analyst,cybersecurity,B.TECH,2,1,0,1,0,1,0,1,0,0,1,0,0,0,0,0
681,Jessica Bradford,"Networking, Ethical Hacking",2,PhD,AWS Certified,Cybersecurity Analyst,Hire,106309,7,75,"['ethical hacking', 'networking']",2,junior,2,1,cybersecurity analyst,cybersecurity,PHD,4,1,0,0,0,1,0,0,0,0,1,0,0,0,0,0
683,Thomas Sanders,"Linux, Cybersecurity",0,MBA,Google ML,Cybersecurity Analyst,Reject,89654,8,60,"['linux', 'cybersecurity']",2,fresher,0,0,cybersecurity analyst,cybersecurity,MBA,3,0,0,1,0,0,0,1,0,0,0,0,0,0,0,0
688,Kenneth Johnson,"Linux, Cybersecurity, Ethical Hacking",7,B.Tech,,Cybersecurity Analyst,Hire,41678,8,100,"['linux', 'ethical hacking', 'cybersecurity']",3,senior,7,3,cybersecurity analyst,cybersecurity,B.TECH,2,1,0,1,0,1,0,1,0,0,0,0,0,0,0,0
693,Jeanette Garcia MD,"Cybersecurity, Linux",7,B.Tech,Deep Learning Specialization,Cybersecurity Analyst,Hire,92129,3,100,"['linux', 'cybersecurity']",2,senior,7,3,cybersecurity analyst,cybersecurity,B.TECH,2,1,0,1,0,0,0,1,0,0,0,0,0,0,0,0
694,Lorraine Jordan,"Ethical Hacking, Linux, Networking, Cybersecurity",6,B.Sc,Google ML,Cybersecurity Analyst,Hire,59129,5,100,"['ethical hacking', 'networking', 'linux', 'cybersecurity']",4,senior,6,3,cybersecurity analyst,cybersecurity,B.SC,2,1,0,1,0,1,0,1,0,0,1,0,0,0,0,0
695,Emily Meyer,"Cybersecurity, Ethical Hacking",2,MBA,Deep Learning Specialization,Cybersecurity Analyst,Hire,84569,7,75,"['ethical hacking', 'cybersecurity']",2,junior,2,1,cybersecurity analyst,cybersecurity,MBA,3,1,0,1,0,1,0,0,0,0,0,0,0,0,0,0
696,Marcus Garrett,"Cybersecurity, Linux, Ethical Hacking, Networking",3,MBA,Deep Learning Specialization,Cybersecurity Analyst,Hire,118062,8,100,"['linux', 'networking', 'ethical hacking', 'cybersecurity']",4,mid-level,3,2,cybersecurity analyst,cybersecurity,MBA,3,1,0,1,0,1,0,1,0,0,1,0,0,0,0,0
698,Kristy Horton,"Linux, Ethical Hacking",4,B.Tech,,Cybersecurity Analyst,Hire,110442,7,85,"['linux', 'ethical hacking']",2,mid-level,4,2,cybersecurity analyst,cybersecurity,B.TECH,2,1,0,0,0,1,0,1,0,0,0,0,0,0,0,0
699,Laura Little,"Cybersecurity, Networking, Linux",8,M.Tech,Google ML,Cybersecurity Analyst,Hire,68492,4,100,"['linux', 'networking', 'cybersecurity']",3,senior,8,3,cybersecurity analyst,cybersecurity,M.TECH,3,1,0,1,0,0,0,1,0,0,1,0,0,0,0,0
701,Sarah Robinson,"Networking, Cybersecurity, Ethical Hacking, Linux",4,B.Tech,,Cybersecurity Analyst,Hire,113477,2,70,"['ethical hacking', 'networking', 'cybersecurity', 'linux']",4,mid-level,4,2,cybersecurity analyst,cybersecurity,B.TECH,2,1,0,1,0,1,0,1,0,0,1,0,0,0,0,0
705,Sylvia Rogers,"Networking, Cybersecurity, Ethical Hacking, Linux",7,B.Tech,Deep Learning Specialization,Cybersecurity Analyst,Hire,100153,6,100,"['ethical hacking', 'networking', 'cybersecurity', 'linux']",4,senior,7,3,cybersecurity analyst,cybersecurity,B.TECH,2,1,0,1,0,1,0,1,0,0,1,0,0,0,0,0
710,Dawn Bush,"Networking, Cybersecurity",3,PhD,,Cybersecurity Analyst,Reject,93508,4,60,"['networking', 'cybersecurity']",2,mid-level,3,2,cybersecurity analyst,cybersecurity,PHD,4,0,0,1,0,0,0,0,0,0,1,0,0,0,0,0
718,Melissa Patterson,"Networking, Ethical Hacking, Linux, Cybersecurity",4,PhD,,Cybersecurity Analyst,Hire,52790,2,70,"['ethical hacking', 'networking', 'linux', 'cybersecurity']",4,mid-level,4,2,cybersecurity analyst,cybersecurity,PHD,4,1,0,1,0,1,0,1,0,0,1,0,0,0,0,0
722,Albert Rivera,"Cybersecurity, Networking",3,PhD,,Cybersecurity Analyst,Hire,42368,9,85,"['networking', 'cybersecurity']",2,mid-level,3,2,cybersecurity analyst,cybersecurity,PHD,4,1,0,1,0,0,0,0,0,0,1,0,0,0,0,0
724,Christopher Campbell,"Ethical Hacking, Cybersecurity",9,MBA,,Cybersecurity Analyst,Hire,44150,6,100,"['ethical hacking', 'cybersecurity']",2,senior,9,3,cybersecurity analyst,cybersecurity,MBA,3,1,0,1,0,1,0,0,0,0,0,0,0,0,0,0
731,Sarah Jones,"Linux, Networking, Cybersecurity",3,M.Tech,Deep Learning Specialization,Cybersecurity Analyst,Reject,105232,1,60,"['linux', 'networking', 'cybersecurity']",3,mid-level,3,2,cybersecurity analyst,cybersecurity,M.TECH,3,0,0,1,0,0,0,1,0,0,1,0,0,0,0,0
732,Eugene Rodriguez,"Networking, Linux",2,B.Sc,Google ML,Cybersecurity Analyst,Reject,73879,2,50,"['linux', 'networking']",2,junior,2,1,cybersecurity analyst,cybersecurity,B.SC,2,0,0,0,0,0,0,1,0,0,1,0,0,0,0,0
735,Preston Martin,"Networking, Ethical Hacking",1,PhD,Google ML,Cybersecurity Analyst,Hire,117535,8,70,"['ethical hacking', 'networking']",2,fresher,1,0,cybersecurity analyst,cybersecurity,PHD,4,1,0,0,0,1,0,0,0,0,1,0,0,0,0,0
737,Matthew Reed,"Ethical Hacking, Linux, Networking",3,M.Tech,,Cybersecurity Analyst,Reject,95288,3,60,"['ethical hacking', 'networking', 'linux']",3,mid-level,3,2,cybersecurity analyst,cybersecurity,M.TECH,3,0,0,0,0,1,0,1,0,0,1,0,0,0,0,0
738,Matthew Kent,"Cybersecurity, Ethical Hacking",6,MBA,AWS Certified,Cybersecurity Analyst,Hire,56096,8,100,"['ethical hacking', 'cybersecurity']",2,senior,6,3,cybersecurity analyst,cybersecurity,MBA,3,1,0,1,0,1,0,0,0,0,0,0,0,0,0,0
739,Danny Brown,"Ethical Hacking, Linux, Networking",5,B.Tech,Deep Learning Specialization,Cybersecurity Analyst,Hire,87063,5,100,"['ethical hacking', 'networking', 'linux']",3,mid-level,5,2,cybersecurity analyst,cybersecurity,B.TECH,2,1,0,0,0,1,0,1,0,0,1,0,0,0,0,0
751,Thomas Ramos,"Cybersecurity, Networking, Linux",8,PhD,Deep Learning Specialization,Cybersecurity Analyst,Hire,107124,2,100,"['linux', 'networking', 'cybersecurity']",3,senior,8,3,cybersecurity analyst,cybersecurity,PHD,4,1,0,1,0,0,0,1,0,0,1,0,0,0,0,0
761,Reginald Hernandez,"Ethical Hacking, Linux, Cybersecurity, Networking",6,B.Sc,Deep Learning Specialization,Cybersecurity Analyst,Hire,85255,10,100,"['ethical hacking', 'networking', 'linux', 'cybersecurity']",4,senior,6,3,cybersecurity analyst,cybersecurity,B.SC,2,1,0,1,0,1,0,1,0,0,1,0,0,0,0,0
767,Angelica Copeland,"Ethical Hacking, Cybersecurity",0,MBA,AWS Certified,Cybersecurity Analyst,Reject,68407,4,40,"['ethical hacking', 'cybersecurity']",2,fresher,0,0,cybersecurity analyst,cybersecurity,MBA,3,0,0,1,0,1,0,0,0,0,0,0,0,0,0,0
771,Dr. Bradley Rogers,"Networking, Linux, Cybersecurity, Ethical Hacking",6,PhD,Google ML,Cybersecurity Analyst,Hire,58947,8,100,"['linux', 'networking', 'ethical hacking', 'cybersecurity']",4,senior,6,3,cybersecurity analyst,cybersecurity,PHD,4,1,0,1,0,1,0,1,0,0,1,0,0,0,0,0
784,Tabitha Mcgee,"Ethical Hacking, Cybersecurity",5,PhD,Google ML,Cybersecurity Analyst,Hire,92506,5,95,"['ethical hacking', 'cybersecurity']",2,mid-level,5,2,cybersecurity analyst,cybersecurity,PHD,4,1,0,1,0,1,0,0,0,0,0,0,0,0,0,0
785,Sharon Murray,"Linux, Ethical Hacking",5,B.Tech,AWS Certified,Cybersecurity Analyst,Hire,111508,7,100,"['linux', 'ethical hacking']",2,mid-level,5,2,cybersecurity analyst,cybersecurity,B.TECH,2,1,0,0,0,1,0,1,0,0,0,0,0,0,0,0
788,Jacob Duncan,"Networking, Linux, Ethical Hacking, Cybersecurity",7,PhD,,Cybersecurity Analyst,Hire,92893,7,100,"['linux', 'networking', 'ethical hacking', 'cybersecurity']",4,senior,7,3,cybersecurity analyst,cybersecurity,PHD,4,1,0,1,0,1,0,1,0,0,1,0,0,0,0,0
790,Yvonne Maynard,"Linux, Cybersecurity",9,B.Sc,Deep Learning Specialization,Cybersecurity Analyst,Hire,78574,7,100,"['linux', 'cybersecurity']",2,senior,9,3,cybersecurity analyst,cybersecurity,B.SC,2,1,0,1,0,0,0,1,0,0,0,0,0,0,0,0
797,Deborah Lynch,"Networking, Cybersecurity, Ethical Hacking",7,PhD,,Cybersecurity Analyst,Hire,54150,0,85,"['ethical hacking', 'networking', 'cybersecurity']",3,senior,7,3,cybersecurity analyst,cybersecurity,PHD,4,1,0,1,0,1,0,0,0,0,1,0,0,0,0,0
798,Matthew Sandoval,"Ethical Hacking, Networking, Cybersecurity",1,M.Tech,,Cybersecurity Analyst,Hire,47674,9,70,"['ethical hacking', 'networking', 'cybersecurity']",3,fresher,1,0,cybersecurity analyst,cybersecurity,M.TECH,3,1,0,1,0,1,0,0,0,0,1,0,0,0,0,0
802,James Baker,"Networking, Ethical Hacking",6,B.Sc,Deep Learning Specialization,Cybersecurity Analyst,Hire,107340,7,100,"['ethical hacking', 'networking']",2,senior,6,3,cybersecurity analyst,cybersecurity,B.SC,2,1,0,0,0,1,0,0,0,0,1,0,0,0,0,0
810,Shannon Perkins,"Linux, Ethical Hacking",8,MBA,AWS Certified,Cybersecurity Analyst,Hire,96662,9,100,"['linux', 'ethical hacking']",2,senior,8,3,cybersecurity analyst,cybersecurity,MBA,3,1,0,0,0,1,0,1,0,0,0,0,0,0,0,0
815,Jose Kane,"Ethical Hacking, Networking",5,M.Tech,Deep Learning Specialization,Cybersecurity Analyst,Hire,75413,4,90,"['ethical hacking', 'networking']",2,mid-level,5,2,cybersecurity analyst,cybersecurity,M.TECH,3,1,0,0,0,1,0,0,0,0,1,0,0,0,0,0
816,Anthony Contreras,"Linux, Cybersecurity, Ethical Hacking",8,MBA,Deep Learning Specialization,Cybersecurity Analyst,Hire,114489,9,100,"['linux', 'ethical hacking', 'cybersecurity']",3,senior,8,3,cybersecurity analyst,cybersecurity,MBA,3,1,0,1,0,1,0,1,0,0,0,0,0,0,0,0
820,Adam Tapia,"Networking, Linux, Ethical Hacking",4,PhD,,Cybersecurity Analyst,Hire,107425,2,65,"['linux', 'networking', 'ethical hacking']",3,mid-level,4,2,cybersecurity analyst,cybersecurity,PHD,4,1,0,0,0,1,0,1,0,0,1,0,0,0,0,0
821,Erin Kemp,"Cybersecurity, Ethical Hacking, Linux, Networking",1,B.Sc,Google ML,Cybersecurity Analyst,Reject,51229,2,50,"['ethical hacking', 'networking', 'cybersecurity', 'linux']",4,fresher,1,0,cybersecurity analyst,cybersecurity,B.SC,2,0,0,1,0,1,0,1,0,0,1,0,0,0,0,0
822,Ronald Tucker,"Ethical Hacking, Networking, Linux, Cybersecurity",0,B.Tech,,Cybersecurity Analyst,Reject,93079,2,30,"['ethical hacking', 'networking', 'linux', 'cybersecurity']",4,fresher,0,0,cybersecurity analyst,cybersecurity,B.TECH,2,0,0,1,0,1,0,1,0,0,1,0,0,0,0,0
826,Kelly Mejia,"Linux, Cybersecurity, Ethical Hacking",4,MBA,AWS Certified,Cybersecurity Analyst,Hire,67535,1,70,"['linux', 'ethical hacking', 'cybersecurity']",3,mid-level,4,2,cybersecurity analyst,cybersecurity,MBA,3,1,0,1,0,1,0,1,0,0,0,0,0,0,0,0
830,Deborah Hughes,"Cybersecurity, Ethical Hacking, Networking, Linux",3,MBA,,Cybersecurity Analyst,Hire,53096,7,85,"['ethical hacking', 'networking', 'cybersecurity', 'linux']",4,mid-level,3,2,cybersecurity analyst,cybersecurity,MBA,3,1,0,1,0,1,0,1,0,0,1,0,0,0,0,0
835,Mike Hayes,"Ethical Hacking, Cybersecurity, Networking, Linux",5,B.Tech,AWS Certified,Cybersecurity Analyst,Hire,104149,9,100,"['ethical hacking', 'networking', 'cybersecurity', 'linux']",4,mid-level,5,2,cybersecurity analyst,cybersecurity,B.TECH,2,1,0,1,0,1,0,1,0,0,1,0,0,0,0,0
839,Yolanda Vasquez,"Ethical Hacking, Networking, Cybersecurity, Linux",8,B.Sc,,Cybersecurity Analyst,Hire,99384,1,100,"['ethical hacking', 'networking', 'cybersecurity', 'linux']",4,senior,8,3,cybersecurity analyst,cybersecurity,B.SC,2,1,0,1,0,1,0,1,0,0,1,0,0,0,0,0
841,Gerald Greene,"Cybersecurity, Networking, Linux, Ethical Hacking",10,M.Tech,Deep Learning Specialization,Cybersecurity Analyst,Hire,114697,9,100,"['linux', 'networking', 'ethical hacking', 'cybersecurity']",4,fresher,10,0,cybersecurity analyst,cybersecurity,M.TECH,3,1,0,1,0,1,0,1,0,0,1,0,0,0,0,0
844,Daniel Carter,"Ethical Hacking, Linux",2,MBA,,Cybersecurity Analyst,Hire,116969,7,65,"['ethical hacking', 'linux']",2,junior,2,1,cybersecurity analyst,cybersecurity,MBA,3,1,0,0,0,1,0,1,0,0,0,0,0,0,0,0
851,Hannah Smith,"Ethical Hacking, Linux, Networking",7,B.Sc,,Cybersecurity Analyst,Hire,63601,10,100,"['ethical hacking', 'networking', 'linux']",3,senior,7,3,cybersecurity analyst,cybersecurity,B.SC,2,1,0,0,0,1,0,1,0,0,1,0,0,0,0,0
853,Timothy Smith,"Cybersecurity, Ethical Hacking, Networking, Linux",3,MBA,AWS Certified,Cybersecurity Analyst,Hire,97789,5,85,"['ethical hacking', 'networking', 'cybersecurity', 'linux']",4,mid-level,3,2,cybersecurity analyst,cybersecurity,MBA,3,1,0,1,0,1,0,1,0,0,1,0,0,0,0,0
858,Autumn Obrien,"Networking, Cybersecurity, Linux",9,B.Tech,Google ML,Cybersecurity Analyst,Hire,69810,0,100,"['linux', 'networking', 'cybersecurity']",3,senior,9,3,cybersecurity analyst,cybersecurity,B.TECH,2,1,0,1,0,0,0,1,0,0,1,0,0,0,0,0
860,Terry Simpson,"Linux, Ethical Hacking, Networking",4,M.Tech,Deep Learning Specialization,Cybersecurity Analyst,Hire,62790,9,100,"['linux', 'networking', 'ethical hacking']",3,mid-level,4,2,cybersecurity analyst,cybersecurity,M.TECH,3,1,0,0,0,1,0,1,0,0,1,0,0,0,0,0
863,Theresa Villanueva,"Linux, Networking, Cybersecurity",9,MBA,Deep Learning Specialization,Cybersecurity Analyst,Hire,73851,6,100,"['linux', 'networking', 'cybersecurity']",3,senior,9,3,cybersecurity analyst,cybersecurity,MBA,3,1,0,1,0,0,0,1,0,0,1,0,0,0,0,0
865,Joseph Gallagher,"Networking, Cybersecurity, Ethical Hacking",8,B.Tech,,Cybersecurity Analyst,Hire,94140,4,100,"['ethical hacking', 'networking', 'cybersecurity']",3,senior,8,3,cybersecurity analyst,cybersecurity,B.TECH,2,1,0,1,0,1,0,0,0,0,1,0,0,0,0,0
873,Lorraine Hammond,"Linux, Cybersecurity",8,MBA,AWS Certified,Cybersecurity Analyst,Hire,60790,7,100,"['linux', 'cybersecurity']",2,senior,8,3,cybersecurity analyst,cybersecurity,MBA,3,1,0,1,0,0,0,1,0,0,0,0,0,0,0,0
880,Elizabeth Smith,"Cybersecurity, Ethical Hacking, Networking, Linux",6,PhD,Google ML,Cybersecurity Analyst,Hire,67810,1,95,"['ethical hacking', 'networking', 'cybersecurity', 'linux']",4,senior,6,3,cybersecurity analyst,cybersecurity,PHD,4,1,0,1,0,1,0,1,0,0,1,0,0,0,0,0
888,Debra Williams,"Ethical Hacking, Cybersecurity, Linux",1,B.Sc,Deep Learning Specialization,Cybersecurity Analyst,Reject,117772,2,45,"['ethical hacking', 'cybersecurity', 'linux']",3,fresher,1,0,cybersecurity analyst,cybersecurity,B.SC,2,0,0,1,0,1,0,1,0,0,0,0,0,0,0,0
889,Hannah Rivera,"Cybersecurity, Ethical Hacking, Linux",7,MBA,AWS Certified,Cybersecurity Analyst,Hire,64888,5,100,"['ethical hacking', 'cybersecurity', 'linux']",3,senior,7,3,cybersecurity analyst,cybersecurity,MBA,3,1,0,1,0,1,0,1,0,0,0,0,0,0,0,0
891,Jason Case,"Cybersecurity, Networking",7,M.Tech,Google ML,Cybersecurity Analyst,Hire,117696,4,100,"['networking', 'cybersecurity']",2,senior,7,3,cybersecurity analyst,cybersecurity,M.TECH,3,1,0,1,0,0,0,0,0,0,1,0,0,0,0,0
893,Brian Sullivan,"Ethical Hacking, Networking",6,PhD,Google ML,Cybersecurity Analyst,Hire,45959,5,100,"['ethical hacking', 'networking']",2,senior,6,3,cybersecurity analyst,cybersecurity,PHD,4,1,0,0,0,1,0,0,0,0,1,0,0,0,0,0
900,Barry Mitchell,"Networking, Cybersecurity, Linux",2,PhD,Deep Learning Specialization,Cybersecurity Analyst,Hire,55337,6,75,"['linux', 'networking', 'cybersecurity']",3,junior,2,1,cybersecurity analyst,cybersecurity,PHD,4,1,0,1,0,0,0,1,0,0,1,0,0,0,0,0
901,Benjamin Gray,"Networking, Ethical Hacking, Cybersecurity, Linux",2,MBA,,Cybersecurity Analyst,Reject,60745,0,40,"['ethical hacking', 'networking', 'cybersecurity', 'linux']",4,junior,2,1,cybersecurity analyst,cybersecurity,MBA,3,0,0,1,0,1,0,1,0,0,1,0,0,0,0,0
906,Amber Hunt,"Linux, Ethical Hacking",10,MBA,Google ML,Cybersecurity Analyst,Hire,41917,9,100,"['linux', 'ethical hacking']",2,fresher,10,0,cybersecurity analyst,cybersecurity,MBA,3,1,0,0,0,1,0,1,0,0,0,0,0,0,0,0
910,Colin Morris,"Networking, Linux, Ethical Hacking",3,MBA,AWS Certified,Cybersecurity Analyst,Hire,102914,6,85,"['linux', 'networking', 'ethical hacking']",3,mid-level,3,2,cybersecurity analyst,cybersecurity,MBA,3,1,0,0,0,1,0,1,0,0,1,0,0,0,0,0
915,John Holland,"Linux, Networking, Cybersecurity, Ethical Hacking",3,MBA,AWS Certified,Cybersecurity Analyst,Hire,114989,9,100,"['linux', 'networking', 'ethical hacking', 'cybersecurity']",4,mid-level,3,2,cybersecurity analyst,cybersecurity,MBA,3,1,0,1,0,1,0,1,0,0,1,0,0,0,0,0
920,Kelly Harrell,"Cybersecurity, Networking, Ethical Hacking",4,MBA,,Cybersecurity Analyst,Hire,112115,9,100,"['ethical hacking', 'networking', 'cybersecurity']",3,mid-level,4,2,cybersecurity analyst,cybersecurity,MBA,3,1,0,1,0,1,0,0,0,0,1,0,0,0,0,0
922,Gary Fisher,"Ethical Hacking, Networking",6,PhD,AWS Certified,Cybersecurity Analyst,Hire,66054,2,90,"['ethical hacking', 'networking']",2,senior,6,3,cybersecurity analyst,cybersecurity,PHD,4,1,0,0,0,1,0,0,0,0,1,0,0,0,0,0
925,Amy Reynolds,"Cybersecurity, Networking, Ethical Hacking",8,PhD,Deep Learning Specialization,Cybersecurity Analyst,Hire,54594,2,100,"['ethical hacking', 'networking', 'cybersecurity']",3,senior,8,3,cybersecurity analyst,cybersecurity,PHD,4,1,0,1,0,1,0,0,0,0,1,0,0,0,0,0
932,Debbie Wong,"Linux, Cybersecurity",9,B.Sc,,Cybersecurity Analyst,Hire,62823,7,100,"['linux', 'cybersecurity']",2,senior,9,3,cybersecurity analyst,cybersecurity,B.SC,2,1,0,1,0,0,0,1,0,0,0,0,0,0,0,0
937,Samuel Arnold,"Ethical Hacking, Linux",9,MBA,AWS Certified,Cybersecurity Analyst,Hire,46896,8,100,"['ethical hacking', 'linux']",2,senior,9,3,cybersecurity analyst,cybersecurity,MBA,3,1,0,0,0,1,0,1,0,0,0,0,0,0,0,0
940,Amy Lawson,"Networking, Linux, Cybersecurity",1,PhD,Google ML,Cybersecurity Analyst,Hire,48456,8,75,"['linux', 'networking', 'cybersecurity']",3,fresher,1,0,cybersecurity analyst,cybersecurity,PHD,4,1,0,1,0,0,0,1,0,0,1,0,0,0,0,0
941,Donald Cantu,"Linux, Cybersecurity, Networking, Ethical Hacking",6,B.Tech,AWS Certified,Cybersecurity Analyst,Hire,109463,6,100,"['linux', 'networking', 'ethical hacking', 'cybersecurity']",4,senior,6,3,cybersecurity analyst,cybersecurity,B.TECH,2,1,0,1,0,1,0,1,0,0,1,0,0,0,0,0
945,Kristin Hernandez,"Ethical Hacking, Cybersecurity, Networking",3,B.Sc,Deep Learning Specialization,Cybersecurity Analyst,Reject,50972,1,60,"['ethical hacking', 'networking', 'cybersecurity']",3,mid-level,3,2,cybersecurity analyst,cybersecurity,B.SC,2,0,0,1,0,1,0,0,0,0,1,0,0,0,0,0
947,Theresa Hansen,"Cybersecurity, Networking, Linux, Ethical Hacking",1,B.Sc,,Cybersecurity Analyst,Hire,99954,8,70,"['linux', 'networking', 'ethical hacking', 'cybersecurity']",4,fresher,1,0,cybersecurity analyst,cybersecurity,B.SC,2,1,0,1,0,1,0,1,0,0,1,0,0,0,0,0
950,Elizabeth Fry,"Linux, Ethical Hacking, Networking",5,B.Sc,AWS Certified,Cybersecurity Analyst,Hire,45733,0,75,"['linux', 'networking', 'ethical hacking']",3,mid-level,5,2,cybersecurity analyst,cybersecurity,B.SC,2,1,0,0,0,1,0,1,0,0,1,0,0,0,0,0
954,Jennifer Juarez,"Networking, Cybersecurity, Ethical Hacking, Linux",4,M.Tech,Google ML,Cybersecurity Analyst,Hire,91996,8,100,"['ethical hacking', 'networking', 'cybersecurity', 'linux']",4,mid-level,4,2,cybersecurity analyst,cybersecurity,M.TECH,3,1,0,1,0,1,0,1,0,0,1,0,0,0,0,0
957,Sarah Wood MD,"Ethical Hacking, Linux, Networking, Cybersecurity",6,MBA,,Cybersecurity Analyst,Hire,90173,4,100,"['ethical hacking', 'networking', 'linux', 'cybersecurity']",4,senior,6,3,cybersecurity analyst,cybersecurity,MBA,3,1,0,1,0,1,0,1,0,0,1,0,0,0,0,0
958,Elizabeth Logan,"Cybersecurity, Networking",7,MBA,,Cybersecurity Analyst,Hire,109418,6,100,"['networking', 'cybersecurity']",2,senior,7,3,cybersecurity analyst,cybersecurity,MBA,3,1,0,1,0,0,0,0,0,0,1,0,0,0,0,0
965,Jason Jackson,"Cybersecurity, Linux, Ethical Hacking",2,PhD,,Cybersecurity Analyst,Hire,51721,10,85,"['linux', 'ethical hacking', 'cybersecurity']",3,junior,2,1,cybersecurity analyst,cybersecurity,PHD,4,1,0,1,0,1,0,1,0,0,0,0,0,0,0,0
967,Courtney Black,"Ethical Hacking, Linux, Networking, Cybersecurity",6,MBA,,Cybersecurity Analyst,Hire,56426,1,85,"['ethical hacking', 'networking', 'linux', 'cybersecurity']",4,senior,6,3,cybersecurity analyst,cybersecurity,MBA,3,1,0,1,0,1,0,1,0,0,1,0,0,0,0,0
976,Erin Wells,"Cybersecurity, Linux, Ethical Hacking, Networking",7,B.Tech,AWS Certified,Cybersecurity Analyst,Hire,95709,8,100,"['linux', 'networking', 'ethical hacking', 'cybersecurity']",4,senior,7,3,cybersecurity analyst,cybersecurity,B.TECH,2,1,0,1,0,1,0,1,0,0,1,0,0,0,0,0
990,Tracy Jennings,"Networking, Cybersecurity, Ethical Hacking, Linux",9,MBA,AWS Certified,Cybersecurity Analyst,Hire,45660,9,100,"['ethical hacking', 'networking', 'cybersecurity', 'linux']",4,senior,9,3,cybersecurity analyst,cybersecurity,MBA,3,1,0,1,0,1,0,1,0,0,1,0,0,0,0,0
992,Jacob Davis,"Networking, Ethical Hacking, Linux, Cybersecurity",3,PhD,Google ML,Cybersecurity Analyst,Hire,115708,9,100,"['ethical hacking', 'networking', 'linux', 'cybersecurity']",4,mid-level,3,2,cybersecurity analyst,cybersecurity,PHD,4,1,0,1,0,1,0,1,0,0,1,0,0,0,0,0
994,Tina Booth,"Cybersecurity, Ethical Hacking, Linux, Networking",1,MBA,Deep Learning Specialization,Cybersecurity Analyst,Reject,60494,0,40,"['ethical hacking', 'networking', 'cybersecurity', 'linux']",4,fresher,1,0,cybersecurity analyst,cybersecurity,MBA,3,0,0,1,0,1,0,1,0,0,1,0,0,0,0,0
996,Brenda Williams,"Cybersecurity, Linux, Ethical Hacking",0,B.Sc,,Cybersecurity Analyst,Reject,114364,9,60,"['linux', 'ethical hacking', 'cybersecurity']",3,fresher,0,0,cybersecurity analyst,cybersecurity,B.SC,2,0,0,1,0,1,0,1,0,0,0,0,0,0,0,0
999,Danielle Horn,"Linux, Networking, Cybersecurity, Ethical Hacking",8,PhD,AWS Certified,Cybersecurity Analyst,Hire,83146,10,100,"['linux', 'networking', 'ethical hacking', 'cybersecurity']",4,senior,8,3,cybersecurity analyst,cybersecurity,PHD,4,1,0,1,0,1,0,1,0,0,1,0,0,0,0,0
